DevEv_S17_01_Sync,finished
DevEv_S19_04_Sync,finished
DevEv_S02_08_Sync,finished
DevEv_S02_07_Sync,finished
DevEv_S02_09_Sync,finished
DevEv_S02_09_Sync,finished
DevEv_S04_02_Sync,finished
DevEv_S04_03_Sync,finished
DevEv_S10_01_Sync,finished
DevEv_S05_02_Sync,finished
DevEv_S05_03_Sync,finished
DevEv_S14_02_Sync,finished
DevEv_S13_02_Sync,finished
DevEv_S13_01_Sync,finished
DevEv_S11_01_Sync,finished
DevEv_S16_01_Sync,finished
DevEv_S07_02_Sync,finished
DevEv_S12_01_Sync,finished
DevEv_S16_08_Sync,finished
DevEv_S15_02_Sync,finished
DevEv_S16_02_Sync,finished
DevEv_S14_01_Sync,finished
DevEv_S16_07_Sync,finished
DevEv_S15_01_Sync,finished
DevEv_S17_10_Sync,finished
DevEv_S17_11_Sync,finished
DevEv_S16_03_Sync,finished
DevEv_S19_08_Sync,finished
DevEv_S09_01_Sync,finished
DevEv_S17_09_Sync,finished
DevEv_S17_12_Sync,finished
DevEv_S20_12_Sync,finished
DevEv_S20_11_Sync,finished
DevEv_S23_03_Sync,finished
DevEv_S17_13_Sync,finished
