DevEv_S14_04_Sync,finished
DevEv_S14_05_Sync,finished
DevEv_S14_07_Sync,finished
DevEv_S15_05_Sync,finished
DevEv_S15_06_Sync,finished
DevEv_S15_07_Sync,finished
DevEv_S15_08_Sync,finished
DevEv_S17_02_Sync,finished
DevEv_S17_04_Sync,finished
DevEv_S17_05_Sync,finished
DevEv_S17_06_Sync,finished
DevEv_S17_07_Sync,finished
DevEv_S18_02_Sync,finished
DevEv_S18_03_Sync,finished
DevEv_S18_04_Sync,finished
DevEv_S19_05_Sync,finished
DevEv_S20_04_Sync,finished
DevEv_S20_07_Sync,finished
DevEv_S20_08_Sync,finished
DevEv_S20_10_Sync,finished
DevEv_S21_01_Sync,finished
DevEv_S21_02_Sync,finished
DevEv_S21_04_Sync,finished
DevEv_S21_05_Sync,finished
DevEv_S21_07_Sync,finished
DevEv_S22_01_Sync,finished
DevEv_S24_01_Sync,finished
DevEv_S24_03_Sync,finished
DevEv_S24_04_Sync,finished
DevEv_S24_05_Sync,finished
DevEv_S24_06_Sync,finished
DevEv_S24_07_Sync,finished
DevEv_S24_08_Sync,finished
DevEv_S24_09_Sync,finished
DevEv_S26_01_Sync,finished
DevEv_S26_03_Sync,finished
DevEv_S26_04_Sync,finished
DevEv_S26_07_Sync,finished
DevEv_S27_04_Sync,finished
DevEv_S27_05_Sync,finished
DevEv_S27_07_Sync,finished
DevEv_S29_04_Sync,finished
DevEv_S29_05_Sync,finished
DevEv_S29_06_Sync,finished
DevEv_S29_08_Sync,finished
DevEv_S30_01_Sync,finished
DevEv_S30_02_Sync,finished
DevEv_S31_01_Sync,finished
DevEv_S31_02_Sync,finished
DevEv_S31_03_Sync,finished
DevEv_S31_04_Sync,finished
DevEv_S31_05_Sync,finished
DevEv_S34_01_Sync,finished
